-- MySQL dump 10.13  Distrib 8.0.32, for Linux (x86_64)
--
-- Host: 127.0.0.1    Database: enjoyotel
-- ------------------------------------------------------
-- Server version	8.0.31-0ubuntu0.22.04.1

/*!40101 SET @OLD_CHARACTER_SET_CLIENT=@@CHARACTER_SET_CLIENT */;
/*!40101 SET @OLD_CHARACTER_SET_RESULTS=@@CHARACTER_SET_RESULTS */;
/*!40101 SET @OLD_COLLATION_CONNECTION=@@COLLATION_CONNECTION */;
/*!50503 SET NAMES utf8mb4 */;
/*!40103 SET @OLD_TIME_ZONE=@@TIME_ZONE */;
/*!40103 SET TIME_ZONE='+00:00' */;
/*!40014 SET @OLD_UNIQUE_CHECKS=@@UNIQUE_CHECKS, UNIQUE_CHECKS=0 */;
/*!40014 SET @OLD_FOREIGN_KEY_CHECKS=@@FOREIGN_KEY_CHECKS, FOREIGN_KEY_CHECKS=0 */;
/*!40101 SET @OLD_SQL_MODE=@@SQL_MODE, SQL_MODE='NO_AUTO_VALUE_ON_ZERO' */;
/*!40111 SET @OLD_SQL_NOTES=@@SQL_NOTES, SQL_NOTES=0 */;

--
-- Table structure for table `liver_group_members`
--

DROP TABLE IF EXISTS `liver_group_members`;
/*!40101 SET @saved_cs_client     = @@character_set_client */;
/*!50503 SET character_set_client = utf8mb4 */;
CREATE TABLE `liver_group_members` (
  `liver_group_id` bigint unsigned NOT NULL,
  `liver_id` bigint NOT NULL,
  PRIMARY KEY (`liver_group_id`,`liver_id`)
) ENGINE=InnoDB DEFAULT CHARSET=utf8mb4 COLLATE=utf8mb4_0900_ai_ci;
/*!40101 SET character_set_client = @saved_cs_client */;

--
-- Dumping data for table `liver_group_members`
--

LOCK TABLES `liver_group_members` WRITE;
/*!40000 ALTER TABLE `liver_group_members` DISABLE KEYS */;
INSERT INTO `liver_group_members` (`liver_group_id`, `liver_id`) VALUES (2123,79),(2123,103),(2124,109),(2124,112),(2125,109),(2125,111),(2126,57),(2126,58),(2126,82),(2126,105),(2127,80),(2127,84),(2127,95),(2127,102),(2128,34),(2128,60),(2129,12),(2129,93),(2129,103),(2129,104),(2130,71),(2130,75),(2130,93),(2130,98),(2131,21),(2131,118),(2132,15),(2132,75),(2133,18),(2133,24),(2133,103),(2134,93),(2134,94),(2134,95),(2135,109),(2135,110),(2136,70),(2136,104),(2138,48),(2138,80),(2139,40),(2139,48),(2139,57),(2139,81),(2140,48),(2140,62),(2141,48),(2141,59),(2141,61),(2141,62),(2142,48),(2142,51),(2143,30),(2143,44),(2144,4),(2144,91),(2144,96),(2144,112),(2145,101),(2145,109),(2146,40),(2146,71),(2146,93),(2147,16),(2147,18),(2149,88),(2149,107),(2150,37),(2150,38),(2151,14),(2151,109),(2151,110),(2152,53),(2152,61),(2153,68),(2153,121),(2154,96),(2154,107),(2155,56),(2155,63),(2156,31),(2156,34),(2156,87),(2156,116),(2157,83),(2157,86),(2158,70),(2158,83),(2158,96),(2158,103),(2159,40),(2159,89),(2159,103),(2160,66),(2160,67),(2160,70),(2161,21),(2161,84),(2161,96),(2162,25),(2162,74),(2162,81),(2162,83),(2162,84),(2163,84),(2163,94),(2164,84),(2164,95),(2165,80),(2165,84),(2166,43),(2166,59),(2167,30),(2167,31),(2167,57),(2167,79),(2169,3),(2169,13),(2170,10),(2170,13),(2171,13),(2171,60),(2172,30),(2172,31),(2172,55),(2172,57),(2172,79),(2173,81),(2173,96),(2174,24),(2174,49),(2174,70),(2174,81),(2174,84),(2174,86),(2174,94),(2174,96),(2175,25),(2175,96),(2176,48),(2176,67),(2176,68),(2177,21),(2177,25),(2177,33),(2177,72),(2177,84),(2177,115),(2178,68),(2178,95),(2180,18),(2180,19),(2180,20),(2180,21),(2180,23),(2180,24),(2180,25),(2181,20),(2181,21),(2181,23),(2182,20),(2182,21),(2182,23),(2182,24),(2182,25),(2184,4),(2184,47),(2184,69),(2185,42),(2185,49),(2185,89),(2185,97),(2186,40),(2186,55),(2186,57),(2186,116),(2187,18),(2187,24),(2187,107),(2188,15),(2188,39),(2189,22),(2189,39),(2190,49),(2190,70),(2190,83),(2191,10),(2191,15),(2192,10),(2192,14),(2192,15),(2193,34),(2193,44),(2193,55),(2193,72),(2193,75),(2193,78),(2193,81),(2193,82),(2193,83),(2193,84),(2193,87),(2193,102),(2193,105),(2193,106),(2194,51),(2194,110),(2195,10),(2195,14),(2196,10),(2196,21),(2197,1),(2197,2),(2197,3),(2197,4),(2197,5),(2197,6),(2197,7),(2197,8),(2198,3),(2198,4),(2198,6),(2199,25),(2199,58),(2200,25),(2200,44),(2200,61),(2201,29),(2201,34),(2202,68),(2202,103),(2203,20),(2203,103),(2205,12),(2205,23),(2205,74),(2205,95),(2207,16),(2207,18),(2207,24),(2207,57),(2207,79),(2207,96),(2208,105),(2208,106),(2208,107),(2209,23),(2209,48),(2211,82),(2211,112),(2212,82),(2212,87),(2213,55),(2213,82),(2213,110),(2214,82),(2214,83),(2215,81),(2215,82),(2216,51),(2216,94),(2216,115),(2217,80),(2217,82),(2218,7),(2218,8),(2219,34),(2219,82),(2220,2),(2220,9),(2222,3),(2222,48),(2223,42),(2223,54),(2224,123),(2224,124),(2224,125),(2224,126),(2225,40),(2225,42),(2225,61),(2225,62),(2226,10),(2226,13),(2226,14),(2227,9),(2227,17),(2228,9),(2228,48),(2229,9),(2229,33),(2230,9),(2230,47),(2231,9),(2231,19),(2231,26),(2231,47),(2232,30),(2232,31),(2233,44),(2233,61),(2233,117),(2235,77),(2235,80),(2235,82),(2235,87),(2236,48),(2236,76),(2237,51),(2237,94),(2238,4),(2238,14),(2239,42),(2239,105),(2240,24),(2240,74),(2240,96),(2241,24),(2241,25),(2241,103),(2242,75),(2242,90),(2242,92),(2242,101),(2243,15),(2243,68),(2243,75),(2243,77),(2243,98),(2244,13),(2244,16),(2244,17),(2245,6),(2245,74),(2247,3),(2247,29),(2249,20),(2249,91),(2250,63),(2250,70),(2250,81),(2250,87),(2251,12),(2251,39),(2251,83),(2252,104),(2253,114),(2253,115),(2253,116),(2253,117),(2253,118),(2254,114),(2254,117),(2256,123),(2257,20),(2257,23),(2257,31),(2257,35),(2257,69),(2258,48),(2258,74),(2259,34),(2259,74),(2260,70),(2260,74),(2261,74),(2261,78),(2261,79),(2261,80),(2262,74),(2262,81),(2263,17),(2263,93),(2264,42),(2264,76),(2264,90),(2264,94),(2265,93),(2265,110),(2266,3),(2266,12),(2266,34),(2267,3),(2267,40),(2267,42),(2267,71),(2268,3),(2268,17),(2269,3),(2269,15),(2269,17),(2270,3),(2270,58),(2271,2),(2271,3),(2272,1),(2272,3),(2273,3),(2273,11),(2274,6),(2274,18),(2274,24),(2274,48),(2274,103),(2275,13),(2275,14),(2275,33),(2275,40),(2275,48),(2275,51),(2275,71),(2275,88),(2275,93),(2275,94),(2275,95),(2276,105),(2276,106),(2277,108),(2277,109),(2278,113),(2279,31),(2279,96),(2279,98),(2279,107),(2280,110),(2280,111),(2281,3),(2281,23),(2281,40),(2281,112),(2281,116),(2282,123),(2283,21),(2283,60),(2283,68),(2284,30),(2284,31),(2284,38),(2285,30),(2285,95),(2286,63),(2286,75),(2287,62),(2287,63),(2287,71),(2287,85),(2288,21),(2288,23),(2288,40),(2288,113),(2288,118),(2289,57),(2289,84),(2290,23),(2290,25),(2291,21),(2291,23),(2291,25),(2292,14),(2292,30),(2292,31),(2292,45),(2293,61),(2293,91),(2294,30),(2294,81),(2295,31),(2295,45),(2297,31),(2297,85),(2298,6),(2298,7),(2298,15),(2298,16),(2299,16),(2299,24),(2299,79),(2299,96),(2299,103),(2300,33),(2300,35),(2300,39),(2301,20),(2301,86),(2301,100),(2302,61),(2302,63),(2304,49),(2304,76),(2304,100),(2304,107),(2305,55),(2305,58),(2306,27),(2306,29),(2306,34),(2306,35),(2306,37),(2306,44),(2306,47),(2306,51),(2307,121),(2308,23),(2308,35),(2309,90),(2309,91),(2309,92),(2310,20),(2310,25),(2310,61),(2310,66),(2311,20),(2311,44),(2311,83),(2312,19),(2312,20),(2312,25),(2312,34),(2313,71),(2313,93),(2313,107),(2314,61),(2314,83),(2314,88),(2315,12),(2315,83),(2316,1),(2316,4),(2317,4),(2317,85),(2318,1),(2318,4),(2318,15),(2318,16),(2319,3),(2319,4),(2320,2),(2320,3),(2320,4),(2321,3),(2321,4),(2321,5),(2322,16),(2322,79),(2323,15),(2323,17),(2324,17),(2324,67),(2325,17),(2325,21),(2326,11),(2326,12),(2326,14),(2326,17),(2327,88),(2327,106),(2328,23),(2328,25),(2328,30),(2328,45),(2329,15),(2329,83),(2330,23),(2330,35),(2330,44),(2330,83),(2331,18),(2331,91),(2332,18),(2332,19),(2333,18),(2333,19),(2333,40),(2333,61),(2334,18),(2334,24),(2334,25),(2335,18),(2335,25),(2336,2),(2336,18),(2336,24),(2337,18),(2337,21),(2338,18),(2339,18),(2339,60),(2340,30),(2340,71),(2341,24),(2341,45),(2341,54),(2341,81),(2341,90),(2342,23),(2342,91),(2343,2),(2343,86),(2343,107),(2344,60),(2344,66),(2345,119),(2345,120),(2345,123),(2345,124),(2346,3),(2346,61),(2347,18),(2347,71),(2348,3),(2348,88),(2349,15),(2349,92),(2350,18),(2350,31),(2350,63),(2350,91),(2352,12),(2352,17),(2352,82),(2352,83),(2353,4),(2353,65),(2354,20),(2354,115),(2355,45),(2355,76),(2355,81),(2356,30),(2356,66),(2357,113),(2358,111),(2358,112),(2359,75),(2359,90),(2359,98),(2361,50),(2361,57),(2361,58),(2362,20),(2362,40),(2362,76),(2363,27),(2363,70),(2363,87),(2363,94),(2364,63),(2364,108),(2365,108),(2366,108),(2366,110),(2367,8),(2367,108),(2367,110),(2369,8),(2369,29),(2369,79),(2370,78),(2370,79),(2370,111),(2370,113),(2371,14),(2371,45),(2371,70),(2371,90),(2371,106),(2371,118),(2372,4),(2372,18),(2372,70),(2372,86),(2373,44),(2373,57),(2373,77),(2373,97),(2374,44),(2374,55),(2375,44),(2375,78),(2376,98),(2376,119),(2377,20),(2377,23),(2377,24),(2377,25),(2378,16),(2378,25),(2378,45),(2378,61),(2379,24),(2379,31),(2379,40),(2380,21),(2380,24),(2380,49),(2381,24),(2381,86),(2382,19),(2382,23),(2382,24),(2382,25),(2383,21),(2383,24),(2384,21),(2384,24),(2384,31),(2385,16),(2385,24),(2386,10),(2386,16),(2386,24),(2386,25),(2387,16),(2387,24),(2387,59),(2387,62),(2388,24),(2388,49),(2389,74),(2389,102),(2390,35),(2390,44),(2390,55),(2391,42),(2391,98),(2391,105),(2392,24),(2392,96),(2392,103),(2393,24),(2393,96),(2393,103),(2393,114),(2394,82),(2394,88),(2395,21),(2395,24),(2396,2),(2396,77),(2396,79),(2396,116),(2397,6),(2397,12),(2397,105),(2398,1),(2398,14),(2398,25),(2399,36),(2399,49),(2400,44),(2400,45),(2400,94),(2401,45),(2401,81),(2402,30),(2402,45),(2402,51),(2403,20),(2403,23),(2404,30),(2404,51),(2405,75),(2405,101),(2406,21),(2406,24),(2406,73),(2406,96),(2407,27),(2407,29),(2407,34),(2408,89),(2408,94),(2409,29),(2409,54),(2411,88),(2411,97),(2412,18),(2412,21),(2412,24),(2413,18),(2413,24),(2414,18),(2414,24),(2414,74),(2414,96),(2414,103),(2415,18),(2415,20),(2415,24),(2415,25),(2416,40),(2416,61),(2417,40),(2417,61),(2417,91),(2418,30),(2418,40),(2418,60),(2418,61),(2419,82),(2419,105),(2421,80),(2421,84),(2421,95),(2422,15),(2422,41),(2422,65),(2423,44),(2423,84),(2423,102),(2423,103),(2424,17),(2424,49),(2424,75),(2425,19),(2425,25),(2425,47),(2426,19),(2426,20),(2426,21),(2426,23),(2426,25),(2428,4),(2428,12),(2428,33),(2428,90),(2428,91),(2428,92),(2429,88),(2429,97),(2429,106),(2429,107),(2430,106),(2430,107),(2431,33),(2431,40),(2431,106),(2431,116),(2432,16),(2432,35),(2433,23),(2433,62),(2435,3),(2435,35),(2435,49),(2435,85),(2436,55),(2436,72),(2436,74),(2436,102),(2437,12),(2437,31),(2437,96),(2438,32),(2438,34),(2439,69),(2439,102),(2440,59),(2440,60),(2441,62),(2441,70),(2441,78),(2441,81),(2442,25),(2442,65),(2444,19),(2444,30),(2444,49),(2444,80),(2444,95),(2445,74),(2445,103),(2446,25),(2446,80),(2446,81),(2447,20),(2447,40),(2447,55),(2447,68),(2447,95),(2447,108),(2448,50),(2448,57),(2448,58),(2449,50),(2449,57),(2449,58),(2450,84),(2450,102),(2451,31),(2451,45),(2451,76),(2452,28),(2452,69),(2452,81),(2452,89),(2452,107),(2452,117),(2453,20),(2453,21),(2454,21),(2454,73),(2455,21),(2455,49),(2456,34),(2456,82),(2456,106),(2457,24),(2457,86),(2458,2),(2458,100),(2459,74),(2459,102),(2459,103),(2460,74),(2460,96),(2460,103),(2461,30),(2461,45),(2463,20),(2463,74),(2463,77),(2464,74),(2464,96),(2465,2),(2465,3),(2466,76),(2467,25),(2467,29),(2467,30),(2467,48),(2468,70),(2468,83),(2469,21),(2469,70),(2469,107),(2470,20),(2470,25),(2471,20),(2471,25),(2471,68),(2471,69),(2472,25),(2472,61),(2472,96),(2473,20),(2473,25),(2473,61),(2473,96),(2474,44),(2474,49),(2474,84),(2474,92),(2475,49),(2475,86),(2476,93),(2476,94),(2477,20),(2477,25),(2477,70),(2477,96),(2478,18),(2478,20),(2479,18),(2479,40),(2479,55),(2479,105),(2480,110),(2480,111),(2480,113),(2481,110),(2481,111),(2481,112),(2482,30),(2482,31),(2482,79),(2483,74),(2483,113),(2485,55),(2485,61),(2485,62),(2487,79),(2487,96),(2487,103),(2488,67),(2488,68),(2488,69),(2489,67),(2489,68),(2489,69),(2489,119),(2489,120),(2489,121),(2490,17),(2490,107),(2490,113),(2491,21),(2491,86),(2492,12),(2492,18),(2492,24),(2492,103),(2493,25),(2493,80),(2494,86),(2494,87),(2495,18),(2495,19),(2495,24),(2495,25),(2495,52),(2495,68),(2495,80),(2496,25),(2496,61),(2497,25),(2497,55),(2498,27),(2498,28),(2498,29),(2498,30),(2498,31),(2498,32),(2498,33),(2498,34),(2498,35),(2498,36),(2498,37),(2498,38),(2498,39),(2499,25),(2499,78),(2500,25),(2500,44),(2501,117),(2501,121),(2502,112),(2502,113),(2503,2),(2503,10),(2503,17),(2504,1),(2504,3),(2504,4),(2504,5),(2505,1),(2505,4),(2505,5),(2506,25),(2506,44),(2506,103),(2507,32),(2507,37),(2507,39),(2508,55),(2508,70),(2508,89),(2508,103),(2509,4),(2509,31),(2509,80),(2509,126),(2510,19),(2510,34),(2511,88),(2511,116),(2511,125),(2512,3),(2512,30),(2512,76),(2513,61),(2513,96),(2513,103),(2514,23),(2514,85),(2514,93),(2514,103),(2515,78),(2515,79),(2515,80),(2515,81),(2515,82),(2515,83),(2515,84),(2515,85),(2515,86),(2516,58),(2516,92),(2517,58),(2517,97),(2518,6),(2518,15),(2519,18),(2519,91),(2521,70),(2521,117),(2522,6),(2522,23),(2522,30),(2522,31),(2522,55),(2522,57),(2522,62),(2522,74),(2522,79),(2522,102),(2522,103),(2522,104),(2523,6),(2523,18),(2523,24),(2524,20),(2524,23),(2524,25),(2524,44),(2524,47),(2524,59),(2524,61),(2524,62),(2524,68),(2524,69),(2525,1),(2525,12),(2525,21),(2525,47),(2525,100),(2526,97),(2526,101),(2527,29),(2527,51),(2528,42),(2528,58),(2528,92),(2529,25),(2529,30),(2529,35),(2529,51),(2530,16),(2530,30),(2530,34),(2530,44),(2532,18),(2532,19),(2532,21),(2532,24),(2533,34),(2533,51),(2533,79),(2534,45),(2534,48),(2534,76),(2534,81),(2535,25),(2535,75),(2535,78),(2535,92),(2536,23),(2536,78),(2536,93),(2537,18),(2537,23),(2537,32),(2537,97),(2537,112),(2537,114),(2538,5),(2538,6),(2538,18),(2540,6),(2540,33),(2540,82),(2541,84),(2541,108),(2542,95),(2542,103),(2542,119),(2542,124),(2543,9),(2543,47),(2543,61),(2543,68),(2544,3),(2544,61),(2544,68),(2545,88),(2545,91),(2546,78),(2546,88),(2547,78),(2547,79),(2548,23),(2548,24),(2548,25),(2550,29),(2550,33),(2550,39),(2551,70),(2551,107),(2552,10),(2552,17),(2553,10),(2553,55),(2554,55),(2554,97),(2555,86),(2556,21),(2556,96),(2556,107),(2557,70),(2558,119),(2558,125),(2559,110),(2559,112),(2560,78),(2560,79),(2560,80),(2561,78),(2561,80),(2561,115),(2562,32),(2562,47),(2562,61),(2562,88),(2563,10),(2563,20),(2563,21),(2563,22),(2563,23),(2567,114),(2567,118),(2568,31),(2568,33),(2568,74),(2568,80),(2568,86),(2568,95),(2568,102),(2569,90),(2569,91),(2569,105),(2569,107),(2572,61),(2572,84),(2572,94),(2574,4),(2574,65),(2575,24),(2575,48),(2575,74),(2575,108),(2576,24),(2576,92),(2576,114),(2577,29),(2577,97),(2577,106),(2577,121),(2578,40),(2578,65),(2579,4),(2579,5),(2579,12),(2579,67),(2579,77),(2579,90),(2579,97),(2580,123),(2580,124),(2581,109),(2581,110),(2581,111),(2581,112),(2581,113),(2582,109),(2582,111),(2582,113),(2584,118),(2584,123),(2585,6),(2585,40),(2585,61),(2585,98),(2586,4),(2586,72),(2586,111),(2586,116),(2587,19),(2587,61),(2588,57),(2588,70),(2588,83),(2588,96),(2589,57),(2589,58),(2590,12),(2590,18),(2590,75),(2590,84),(2590,105),(2591,3),(2591,71),(2591,105),(2592,18),(2592,24),(2593,6),(2593,18),(2593,23),(2593,24),(2593,25),(2593,30),(2593,35),(2593,45),(2594,94),(2594,95),(2595,6),(2595,40),(2595,63),(2595,71),(2595,90),(2596,44),(2596,51),(2599,30),(2599,51),(2599,57),(2600,49),(2600,115),(2600,119),(2601,31),(2601,90),(2602,107),(2602,120),(2603,31),(2603,79),(2604,14),(2604,98),(2605,14),(2605,21),(2606,14),(2606,72),(2607,13),(2607,14),(2608,14),(2608,110),(2609,105),(2609,116),(2610,12),(2610,74),(2610,80),(2610,96),(2610,97),(2611,18),(2611,24),(2611,83),(2611,96),(2611,103),(2612,20),(2612,55),(2613,70),(2613,89),(2614,2),(2614,9),(2614,17),(2614,21),(2614,82),(2615,2),(2615,17),(2616,2),(2616,6),(2617,28),(2617,49),(2617,71),(2617,106),(2618,3),(2618,72),(2618,105),(2622,13),(2622,18),(2622,72),(2622,92),(2623,18),(2623,24),(2623,96),(2624,61),(2624,79),(2624,90),(2624,100),(2625,14),(2625,23),(2625,25),(2626,5),(2626,6),(2626,76),(2626,82),(2627,23),(2627,30),(2627,31),(2627,69),(2628,24),(2628,96),(2628,100),(2629,24),(2629,86),(2629,96),(2630,1),(2630,3),(2630,80),(2630,91),(2630,98),(2630,105),(2631,31),(2631,49),(2631,63),(2631,71),(2631,102),(2631,116),(2632,68),(2632,77),(2634,110),(2634,113),(2635,100),(2635,113),(2636,113),(2636,117),(2637,113),(2637,121),(2638,113),(2638,124),(2639,113),(2639,120),(2640,68),(2640,76),(2640,77),(2641,45),(2641,68),(2641,76),(2641,77),(2642,45),(2642,51),(2642,68),(2642,76),(2642,77),(2643,76),(2643,77),(2644,48),(2644,59),(2645,59),(2645,62),(2646,24),(2646,103),(2647,10),(2647,15),(2647,21),(2647,22),(2647,24),(2648,17),(2648,30),(2648,60),(2650,87),(2650,88),(2650,89),(2651,25),(2651,70),(2652,4),(2652,80),(2652,95),(2653,83),(2653,96),(2654,45),(2654,55),(2654,75),(2654,84),(2655,23),(2655,59),(2656,19),(2656,49),(2657,92),(2657,106),(2658,44),(2658,83),(2658,103),(2659,23),(2659,27),(2659,88),(2659,106),(2660,22),(2660,27),(2660,36),(2661,27),(2661,71),(2661,117),(2662,49),(2662,55),(2663,48),(2663,85),(2664,41),(2664,44),(2665,48),(2665,83),(2665,88),(2665,110),(2666,49),(2666,115),(2667,70),(2667,79),(2667,103),(2668,4),(2669,21),(2669,44),(2669,101),(2669,105),(2670,15),(2670,48),(2671,14),(2671,31),(2671,48),(2672,48),(2672,67),(2673,21),(2673,48),(2674,44),(2674,48),(2675,48),(2675,73),(2676,44),(2676,47),(2676,48),(2676,51),(2677,4),(2677,14),(2678,2),(2678,4),(2679,4),(2679,8),(2680,2),(2680,4),(2680,8),(2681,4),(2681,28),(2682,4),(2682,91),(2683,4),(2683,49),(2684,29),(2684,88),(2684,91),(2685,8),(2685,10),(2685,11),(2685,44),(2685,48),(2686,16),(2686,24),(2686,35),(2686,103),(2687,113),(2688,96),(2688,103),(2689,44),(2689,56),(2689,83),(2690,1),(2690,13),(2690,21),(2690,29),(2690,47),(2691,3),(2691,16),(2692,16),(2692,17),(2694,21),(2694,53),(2694,55),(2694,100),(2695,13),(2695,60),(2695,66),(2696,15),(2696,16),(2696,18),(2696,24),(2697,15),(2697,16),(2698,21),(2698,24),(2698,27),(2698,31),(2699,30),(2699,34),(2699,38),(2699,44),(2699,48),(2699,51),(2700,67),(2700,68),(2701,48),(2701,62),(2701,67),(2702,44),(2702,61),(2702,118),(2703,20),(2703,90),(2703,102),(2703,118),(2704,2),(2704,10),(2704,15),(2705,18),(2705,84),(2706,21),(2706,27),(2707,15),(2707,18),(2707,70),(2707,107),(2708,12),(2708,15),(2708,16),(2709,44),(2709,78),(2709,102),(2710,44),(2710,45),(2710,47),(2710,48),(2710,51),(2711,96),(2711,97),(2711,98),(2712,70),(2712,83),(2712,96),(2712,105),(2713,105),(2713,113),(2714,35),(2714,42),(2714,54),(2714,57),(2715,123),(2715,125),(2716,31),(2716,58),(2716,68),(2716,110),(2717,94),(2717,101),(2718,101),(2718,108),(2719,4),(2719,48),(2719,80),(2720,18),(2720,70),(2720,80),(2721,20),(2721,24),(2721,112),(2721,118),(2722,3),(2722,27),(2722,29),(2722,30),(2723,2),(2724,54),(2724,72),(2724,93),(2725,40),(2725,42),(2725,54),(2726,15),(2726,54),(2727,2),(2727,86),(2727,103),(2728,20),(2728,21),(2728,22),(2728,23),(2728,24),(2728,25),(2728,26),(2729,9),(2729,10),(2729,11),(2729,12),(2729,13),(2729,14),(2729,15),(2729,16),(2729,17),(2730,123),(2730,124),(2732,40),(2732,65),(2732,83),(2732,100),(2733,12),(2733,17),(2733,29),(2733,30),(2733,48),(2733,49),(2733,53),(2734,12),(2734,17),(2734,21),(2734,23),(2734,50),(2734,81),(2734,84),(2734,86),(2734,100),(2734,113),(2739,1),(2739,3),(2739,4),(2739,5),(2739,11),(2739,13),(2739,16),(2740,1),(2740,20),(2740,25),(2740,47),(2741,34),(2741,106),(2741,113),(2741,124),(2742,25),(2742,55),(2742,91),(2743,16),(2743,17),(2743,57),(2743,67),(2743,70),(2743,91),(2744,6),(2744,27),(2744,48),(2744,55),(2744,77),(2744,87),(2745,18),(2745,24),(2745,70),(2745,74),(2745,79),(2745,83),(2745,96),(2745,103),(2745,107),(2746,74),(2746,81),(2746,102),(2746,103),(2747,48),(2747,55),(2747,77),(2747,87),(2748,3),(2748,30),(2748,98),(2749,18),(2749,68),(2750,63),(2750,105),(2751,18),(2751,21),(2751,24),(2751,40),(2751,70),(2751,81),(2751,83),(2751,84),(2751,86),(2751,100),(2751,107),(2752,15),(2752,17),(2752,19),(2753,34),(2753,77),(2753,78),(2753,100),(2754,29),(2754,49),(2754,72),(2754,88),(2754,108),(2755,20),(2755,25),(2755,49),(2755,74),(2755,77),(2755,81),(2755,96),(2755,103),(2756,4),(2756,20),(2756,25),(2756,44),(2757,30),(2757,31),(2757,45),(2757,51),(2757,55),(2758,50),(2758,58),(2759,22),(2759,31),(2760,18),(2760,44),(2760,57),(2761,68),(2761,78),(2761,107),(2761,115),(2762,1),(2762,19),(2762,48),(2763,74),(2763,103),(2764,3),(2764,10),(2764,74),(2764,95),(2765,45),(2765,49),(2765,81),(2766,45),(2766,70),(2766,76),(2767,16),(2767,45),(2767,98),(2768,3),(2768,4),(2768,17),(2768,44),(2768,78),(2768,85),(2768,88),(2768,102),(2769,6),(2769,18),(2769,20),(2769,24),(2769,31),(2769,32),(2769,40),(2769,93),(2769,103),(2770,30),(2770,31),(2770,45),(2770,51),(2770,57),(2770,70),(2771,4),(2771,7),(2771,12),(2771,16),(2771,17),(2772,6),(2772,30),(2772,45),(2772,98),(2772,115),(2773,2),(2773,10),(2773,29),(2773,33),(2773,55),(2774,25),(2774,54),(2774,70),(2775,27),(2775,30),(2775,31),(2775,34),(2775,88),(2775,91),(2777,30),(2777,31),(2777,38),(2777,45),(2777,57),(2778,18),(2778,24),(2778,35),(2779,15),(2779,45),(2779,103),(2780,28),(2780,82),(2781,28),(2781,29),(2781,106),(2781,109),(2782,75),(2782,101),(2782,108),(2782,109),(2783,18),(2783,20),(2783,24),(2783,25),(2783,68),(2783,69),(2784,18),(2784,24),(2784,25),(2784,27),(2784,30),(2784,31),(2784,47),(2784,48),(2784,74),(2784,79),(2784,96),(2784,103),(2784,114),(2784,115),(2784,116),(2784,117),(2784,118),(2785,3),(2785,4),(2785,61),(2785,68),(2785,71),(2785,72),(2785,88),(2785,105),(2785,113),(2786,21),(2786,44),(2786,60),(2786,80),(2786,84),(2787,57),(2787,78),(2787,79),(2787,91),(2788,39),(2788,77),(2788,78),(2788,80),(2789,2),(2789,44),(2789,77),(2789,81),(2791,21),(2791,27),(2791,61),(2791,71),(2792,28),(2792,74),(2792,87),(2792,96),(2793,2),(2793,3),(2793,6),(2793,15),(2793,16),(2793,18),(2793,20),(2793,25),(2793,27),(2793,28),(2793,29),(2793,30),(2793,33),(2793,34),(2793,44),(2793,45),(2793,48),(2793,49),(2793,51),(2793,55),(2793,60),(2793,63),(2793,67),(2793,70),(2793,72),(2793,75),(2793,78),(2793,79),(2793,80),(2793,81),(2793,83),(2793,84),(2793,85),(2793,86),(2793,87),(2793,88),(2793,90),(2793,91),(2793,93),(2793,94),(2793,96),(2793,97),(2793,98),(2793,100),(2793,101),(2793,102),(2793,103),(2793,104),(2793,105),(2793,106),(2793,107),(2793,112),(2793,113),(2793,114),(2793,115),(2793,116),(2793,117),(2793,118),(2793,121),(2793,123),(2793,124),(2793,125),(2793,126),(2794,30),(2794,38),(2795,31),(2795,45),(2795,55),(2795,57),(2796,30),(2796,57),(2796,74),(2796,79),(2797,25),(2797,30),(2798,20),(2798,25),(2798,30),(2798,34),(2799,20),(2799,25),(2799,30),(2799,34),(2800,25),(2800,30),(2800,80),(2801,25),(2801,80),(2802,34),(2802,44),(2802,78),(2802,91),(2803,14),(2803,90),(2803,105),(2804,28),(2804,34),(2804,58),(2804,88),(2804,97),(2804,106),(2805,20),(2805,21),(2805,68),(2805,91),(2808,63),(2808,108),(2808,109),(2808,113),(2809,55),(2809,70),(2809,78),(2809,80),(2811,3),(2811,69),(2811,115),(2811,124),(2812,44),(2812,51),(2812,76),(2812,89),(2812,117),(2813,80),(2813,84),(2813,102),(2813,112),(2815,27),(2815,28),(2815,31),(2815,85),(2818,40),(2818,49),(2818,65),(2822,31),(2822,57),(2822,79),(2823,28),(2823,34),(2823,43),(2823,51),(2823,57),(2823,70),(2823,79),(2824,16),(2824,18),(2824,30),(2824,45),(2824,51),(2824,79),(2825,25),(2825,44),(2825,45),(2827,31),(2827,74),(2827,103),(2828,79),(2828,100),(2829,20),(2829,96),(2829,100),(2829,105),(2829,112),(2831,14),(2831,76),(2831,77),(2831,89),(2832,7),(2832,34),(2833,28),(2833,35),(2833,45),(2834,12),(2834,17),(2834,70),(2834,72),(2835,100),(2835,113),(2836,44),(2836,45),(2838,25),(2838,44),(2838,83),(2839,18),(2839,74),(2839,96),(2839,103),(2840,50),(2840,67),(2840,109),(2842,70),(2842,74),(2842,79),(2842,83),(2843,2),(2843,13),(2844,96),(2845,24),(2845,32),(2845,121),(2846,18),(2846,24),(2846,83),(2847,113),(2847,118),(2848,68),(2848,71),(2848,77),(2850,19),(2850,49),(2850,50),(2850,75),(2851,18),(2851,24),(2852,11),(2852,17),(2852,29),(2852,30),(2853,47),(2853,117),(2854,105),(2854,117),(2855,3),(2855,72),(2855,77),(2855,79),(2856,93),(2856,97),(2857,55),(2857,83),(2858,28),(2858,32),(2858,35),(2858,37),(2859,41),(2859,42),(2860,41),(2860,42),(2861,96),(2861,116),(2862,76),(2862,78),(2863,6),(2863,86),(2863,103),(2863,104),(2864,11),(2864,12),(2864,15),(2864,16),(2865,51),(2865,83),(2866,23),(2866,24),(2866,28),(2866,31),(2866,35),(2866,45),(2866,59),(2868,30),(2868,41),(2868,78),(2868,95),(2869,30),(2869,31),(2869,37),(2869,38),(2871,12),(2871,47),(2871,57),(2871,85),(2871,96),(2871,100),(2872,18),(2872,69),(2872,84),(2872,94),(2873,19),(2873,23),(2873,25),(2874,30),(2874,90),(2874,94),(2874,95),(2875,21),(2875,23),(2875,31),(2876,55),(2876,116),(2877,33),(2877,70),(2878,30),(2878,76),(2878,95),(2879,41),(2879,50),(2879,58),(2880,50),(2880,51),(2881,45),(2881,76),(2882,76),(2882,95),(2883,84),(2883,92),(2884,1),(2884,3),(2884,5),(2885,49),(2885,94),(2886,70),(2886,117),(2887,55),(2887,75),(2887,106),(2887,113),(2889,6),(2889,107),(2890,39),(2890,63),(2891,63),(2891,71),(2892,27),(2892,63),(2892,81),(2892,115),(2893,15),(2893,42),(2894,63),(2894,65),(2895,63),(2896,63),(2897,75),(2897,107),(2898,91),(2898,107),(2899,57),(2899,75),(2899,79),(2899,109),(2900,28),(2900,85),(2901,20),(2901,35),(2901,69),(2902,110),(2903,100),(2904,8),(2904,9),(2904,17),(2905,106),(2905,119),(2906,4),(2906,30),(2906,48),(2906,63),(2906,78),(2907,5),(2907,27),(2907,71),(2907,77),(2907,97),(2908,48),(2908,80),(2908,89),(2909,115),(2909,116),(2909,117),(2910,12),(2910,30),(2910,75),(2911,45),(2911,51),(2911,79),(2912,29),(2912,62),(2912,76),(2913,41),(2913,50),(2913,53),(2914,90),(2914,98),(2915,6),(2915,24),(2915,65),(2916,6),(2916,21),(2916,49),(2916,113),(2916,114),(2917,65),(2917,111),(2917,112),(2918,62),(2918,104),(2919,20),(2919,21),(2919,60),(2919,81),(2920,67),(2920,69),(2921,53),(2921,56),(2922,13),(2922,29),(2923,20),(2923,69),(2924,41),(2924,50),(2925,21),(2925,91),(2926,24),(2926,35),(2926,103),(2927,15),(2927,85),(2928,63),(2929,27),(2929,75),(2929,87),(2930,2),(2930,21),(2930,23),(2930,48),(2930,60),(2930,75),(2930,80),(2930,84),(2931,6),(2931,24),(2931,30),(2931,48),(2931,75),(2931,87),(2931,103),(2932,4),(2932,34),(2932,67),(2932,79),(2932,96),(2933,33),(2933,90),(2934,25),(2934,74),(2934,81),(2934,96),(2935,3),(2935,30),(2935,85),(2936,21),(2936,27),(2936,44),(2936,48),(2937,71),(2937,77),(2937,94),(2937,97),(2937,117),(2939,90),(2939,105),(2940,17),(2940,66),(2941,93),(2941,105),(2942,72),(2942,105),(2943,86),(2943,91),(2944,47),(2944,86),(2945,21),(2945,70),(2945,86),(2945,96),(2946,14),(2946,102),(2947,14),(2947,90),(2948,2),(2948,10),(2948,11),(2949,34),(2949,59),(2950,82),(2950,83),(2951,2),(2951,49),(2952,81),(2952,82),(2952,83),(2953,28),(2953,29),(2953,32),(2954,90),(2954,94),(2954,97),(2955,3),(2955,9),(2955,12),(2955,21),(2955,29),(2956,2),(2956,10),(2957,67),(2957,102),(2958,70),(2958,96),(2959,67),(2959,96),(2960,29),(2960,96),(2961,82),(2961,83),(2961,96),(2962,62),(2962,96),(2963,67),(2963,96),(2963,102),(2965,76),(2965,81),(2966,29),(2966,60),(2966,85),(2967,70),(2967,71),(2968,40),(2968,61),(2968,70),(2968,71),(2969,2),(2969,8),(2970,16),(2970,18),(2970,30),(2971,56),(2971,74),(2971,125),(2972,20),(2972,31),(2972,76),(2973,55),(2973,68),(2974,55),(2974,81),(2974,82),(2974,83),(2975,18),(2975,83),(2975,106),(2975,114),(2975,115),(2976,34),(2976,83),(2977,34),(2977,83),(2977,88),(2978,84),(2978,85),(2978,86),(2979,74),(2979,91),(2980,89),(2980,91),(2981,29),(2981,91),(2982,91),(2982,96),(2983,28),(2983,71),(2983,82),(2983,96),(2985,21),(2985,23),(2985,107),(2986,1),(2986,20),(2986,25),(2988,74),(2989,25),(2989,54),(2989,100),(2990,21),(2990,107),(2991,1),(2991,16),(2991,21),(2991,24),(2992,21),(2992,96),(2993,72),(2993,82),(2994,45),(2994,51),(2996,70),(2996,98),(2996,115),(2997,24),(2997,96),(2998,61),(2998,91),(2999,40),(2999,99),(2999,108),(3000,78),(3000,80),(3001,61),(3001,84),(3002,45),(3002,51),(3002,115),(3002,116),(3003,100),(3003,101),(3004,66),(3004,72),(3005,72),(3006,72),(3006,119),(3007,72),(3007,75),(3008,21),(3008,79),(3008,81),(3008,84),(3008,89),(3008,96),(3008,107),(3009,2),(3009,45),(3010,2),(3010,7),(3011,23),(3011,25),(3011,30),(3012,83),(3012,87),(3012,97),(3012,107),(3013,86),(3013,115),(3014,2),(3014,83),(3015,68),(3015,76),(3016,76),(3018,1),(3018,3),(3018,4),(3019,47),(3019,68),(3020,47),(3020,48),(3022,6),(3022,15),(3022,18),(3022,24),(3023,74),(3024,1),(3024,16),(3025,1),(3025,3),(3025,16),(3026,1),(3026,69),(3027,27),(3027,28),(3027,31),(3027,85),(3029,18),(3029,21),(3029,60),(3029,70),(3030,12),(3030,92),(3032,60),(3032,61),(3033,61),(3033,62),(3034,16),(3034,48),(3034,51),(3034,108),(3035,25),(3035,44),(3035,61),(3035,83),(3035,96),(3035,103),(3036,11),(3036,15),(3037,11),(3037,14),(3038,11),(3038,63),(3039,11),(3039,71),(3039,106),(3039,116),(3040,30),(3040,60),(3041,60),(3041,75),(3042,102),(3042,103),(3042,104),(3043,60),(3043,86),(3044,2),(3044,4),(3044,10),(3044,17),(3045,8),(3045,15),(3046,70),(3046,83),(3046,96),(3046,98),(3047,79),(3047,80),(3048,70),(3048,83),(3048,96),(3049,49),(3049,105),(3050,92),(3050,104),(3051,96),(3051,112),(3052,8),(3052,17),(3053,33),(3053,37),(3054,33),(3054,39),(3055,2),(3055,3),(3055,4),(3055,8),(3056,16),(3056,18),(3056,24),(3057,16),(3057,25),(3058,1),(3058,3),(3058,4),(3058,8),(3059,54),(3059,55),(3059,56),(3059,57),(3059,58),(3060,13),(3060,67),(3060,85),(3060,90),(3061,2),(3061,7),(3061,8),(3062,9),(3062,61),(3063,10),(3063,12),(3064,32),(3064,110),(3065,15),(3065,40),(3065,57),(3065,70),(3066,57),(3066,58),(3067,17),(3067,70),(3068,22),(3068,27),(3069,21),(3069,22),(3070,20),(3070,21),(3070,22),(3071,30),(3071,62),(3071,76),(3071,85),(3072,6),(3072,14),(3072,45),(3072,61),(3073,3),(3073,72),(3074,24),(3074,31),(3075,31),(3075,60),(3075,72),(3075,95),(3075,117),(3076,114),(3076,115),(3076,118),(3077,92),(3077,109),(3078,92),(3078,101),(3079,6),(3079,40),(3081,25),(3081,31),(3081,80),(3082,4),(3082,16),(3082,24),(3082,28),(3082,43),(3082,59),(3082,70),(3083,14),(3083,44),(3083,47),(3083,82),(3083,91),(3084,2),(3084,22),(3085,72),(3085,92),(3086,85),(3086,96),(3086,97),(3086,107),(3087,72),(3087,91),(3088,25),(3088,26),(3089,65),(3090,37),(3090,48),(3091,40),(3091,90),(3092,113),(3093,50),(3093,57),(3094,18),(3094,57),(3094,91),(3095,7),(3095,57),(3097,20),(3097,62),(3098,57),(3098,91),(3099,55),(3099,62),(3100,31),(3100,74),(3100,80),(3100,91),(3101,15),(3101,20),(3101,44),(3101,75),(3101,87),(3102,2),(3102,17),(3103,18),(3103,68),(3103,112),(3104,76),(3104,80),(3105,80),(3105,96),(3106,34),(3106,80),(3107,25),(3107,34),(3107,40),(3107,44),(3107,61),(3107,76),(3107,80),(3107,84),(3107,89),(3107,94),(3107,95),(3107,100),(3108,80),(3108,83),(3108,90),(3108,98),(3109,20),(3109,28),(3109,86),(3110,18),(3110,24),(3110,74),(3110,103),(3111,65),(3111,71),(3111,98),(3112,80),(3112,81),(3113,7),(3113,100),(3113,113),(3113,123),(3114,12),(3114,15),(3116,61),(3116,76),(3117,84),(3117,94),(3117,117),(3117,119),(3117,120),(3117,121),(3118,119),(3118,120),(3118,121),(3119,71),(3119,97),(3120,70),(3120,96),(3120,100),(3122,42),(3122,54),(3123,68),(3123,69),(3124,69),(3124,73),(3125,75),(3125,109),(3126,56),(3126,58),(3127,28),(3127,29),(3128,20),(3128,55),(3128,67),(3128,68),(3128,69),(3129,23),(3129,117),(3130,23),(3130,67),(3130,102),(3130,117),(3131,23),(3131,44),(3132,1),(3132,21),(3132,25),(3132,47),(3132,48),(3132,80),(3132,87),(3132,96),(3133,15),(3133,18),(3133,21),(3133,34),(3133,80),(3133,95),(3133,100),(3134,25),(3134,44),(3134,80),(3134,84),(3135,44),(3135,45),(3135,80),(3135,84),(3136,44),(3136,69),(3137,12),(3137,17),(3138,12),(3138,14),(3139,11),(3139,12),(3140,20),(3140,23),(3140,30),(3140,31),(3141,44),(3141,47),(3141,51),(3142,3),(3142,5),(3143,4),(3143,5),(3144,5),(3144,49),(3144,73),(3145,10),(3145,56),(3146,23),(3146,24),(3146,35),(3148,125),(3148,126),(3150,34),(3150,57),(3150,79),(3151,3),(3151,33),(3151,34),(3151,51),(3151,60),(3151,70),(3152,20),(3152,23),(3152,25),(3152,45),(3152,48),(3152,63),(3152,77),(3152,80),(3152,100),(3153,75),(3153,108),(3154,75),(3154,87),(3155,42),(3155,84),(3155,94),(3155,95),(3156,20),(3156,31),(3156,89),(3157,20),(3157,30),(3157,31),(3157,69),(3158,20),(3158,25),(3158,30),(3158,31),(3159,74),(3159,75),(3160,62),(3160,76),(3161,62),(3161,76),(3161,81),(3162,61),(3162,83),(3162,96),(3164,16),(3164,79),(3164,96),(3164,107),(3165,18),(3165,70),(3165,118),(3166,2),(3166,10),(3166,13),(3166,17),(3167,84),(3167,94),(3167,117),(3168,25),(3168,44),(3168,48),(3169,17),(3169,71),(3169,76),(3169,84),(3169,105),(3170,2),(3170,3),(3170,18),(3171,63),(3171,90),(3172,3),(3172,44),(3172,47),(3172,48),(3172,87),(3173,15),(3173,21),(3173,24),(3173,44),(3173,90),(3174,47),(3174,51),(3175,3),(3175,72),(3175,75),(3175,105),(3176,13),(3176,49),(3177,83),(3177,88),(3177,110),(3178,88),(3178,110);
/*!40000 ALTER TABLE `liver_group_members` ENABLE KEYS */;
UNLOCK TABLES;

--
-- Table structure for table `liver_groups`
--

DROP TABLE IF EXISTS `liver_groups`;
/*!40101 SET @saved_cs_client     = @@character_set_client */;
/*!50503 SET character_set_client = utf8mb4 */;
CREATE TABLE `liver_groups` (
  `group_id` bigint unsigned NOT NULL AUTO_INCREMENT,
  `name` varchar(255) NOT NULL,
  PRIMARY KEY (`group_id`),
  UNIQUE KEY `name` (`name`)
) ENGINE=InnoDB AUTO_INCREMENT=5306 DEFAULT CHARSET=utf8mb4 COLLATE=utf8mb4_0900_ai_ci;
/*!40101 SET character_set_client = @saved_cs_client */;

--
-- Dumping data for table `liver_groups`
--

LOCK TABLES `liver_groups` WRITE;
/*!40000 ALTER TABLE `liver_groups` DISABLE KEYS */;
INSERT INTO `liver_groups` (`group_id`, `name`) VALUES (2716,'（謎メン）'),(2481,'（雑）'),(2304,'#お前もう船降りなイカ？'),(2592,'†Dark Inferno Dragon†'),(2697,'†咎人†'),(2482,'≪雑キープ/That\'s Keep.≫'),(2935,'♡フェアリーモーメント♡'),(3175,'1LVK'),(2826,'2232団'),(2822,'27歳ランク帯'),(2729,'2期生出身'),(2936,'4FFFF'),(2243,'ACDC'),(2160,'aho'),(2242,'ASMR落第部'),(2244,'ATM'),(2858,'BACK STAGEs'),(2867,'Banana Flower Plus'),(2907,'BBB'),(2905,'BeJeans\''),(2904,'BGクラブ'),(2953,'Bloom♡'),(2906,'BはボコボコのB'),(2359,'Caps Lock'),(2400,'CLASS:BERSERKER'),(2457,'CottonCandy'),(2492,'CR忍物語虹色Ver'),(2667,'Desert Eagle'),(2662,'Dの石'),(2274,'Electronic Rainbow Tactics'),(2255,'EnnaMillie'),(2266,'ERRors'),(2180,'EXゲーマーズ'),(2181,'EXゲマズガールズ'),(2182,'EXにきさんき'),(2929,'Fa/Sol/La'),(2934,'fACe'),(2931,'Fixer Of フィクサー'),(2938,'Fox Akuma'),(2955,'Fragrance5'),(2444,'GOプリキュア'),(2857,'HacKING'),(2892,'HALD'),(2895,'harumiyu'),(2896,'harumiyurai'),(2241,'HDMI'),(2964,'Hexagram'),(2917,'HIMIKO'),(2193,'ICBC'),(2129,'Iチーム'),(2507,'JCグミ'),(2504,'JKL'),(2506,'JKすぎてぴえん'),(2505,'JK組'),(2503,'JS組'),(2427,'Keluarga Roti'),(3110,'Lierパンダ'),(2267,'LLカニ缶'),(3168,'LOL部'),(3021,'MysMi'),(2819,'NijiUK'),(2256,'No Pants Gamers'),(2834,'Noisy Cruise Ship'),(2282,'ONEGAI HELP KAMI'),(2301,'ONIPANDA'),(2283,'O型Gaming'),(2842,'Party Panic組/PP組'),(2861,'passion family'),(2922,'pure♡palet'),(3151,'Rain Drops'),(3144,'Rein:Carnation\'S³'),(3148,'Room 4S'),(3112,'Round 3'),(3163,'ROZA'),(2573,'SaLe'),(2498,'SEEDs1期生出身'),(2570,'seisoxiem/清楚シエム'),(2251,'SF組'),(2500,'SiiRii'),(2534,'SilverDevilS'),(2565,'SneakySquidySquad'),(2555,'SNOWPOP'),(2250,'SSAO'),(2249,'SSR組'),(2690,'Twinkle'),(2930,'Vkids'),(2932,'Vtuberロック革命2021'),(2218,'wingこらぼ'),(2602,'WoB'),(3083,'you&me♡'),(3170,'YoungGiantWraith'),(2123,'アーカーシャの剣'),(2124,'あーことひすぴ'),(2125,'アーコハック'),(2126,'あいおいくろいながおけい'),(2127,'あいきゅーとろける'),(2128,'アイス組'),(2130,'あえぐあじん'),(2131,'あかあおきーろ☆'),(2133,'あかつきのやいば'),(2135,'アカンゴ'),(2136,'あきメリ'),(2137,'アクチュアル ゴールド プレイヤーズ'),(2138,'あくまじ'),(2140,'あくまどーじょー'),(2144,'あぐらWIN'),(2145,'あさがくる'),(2148,'アストラル・ワイファイ'),(2150,'アズゆず'),(2151,'アたゴ（アカたまンゴ）'),(2152,'あちきたさんかわいい'),(2153,'あっちゃんよっちゃん'),(2154,'アニキとコブン'),(2155,'アニキと子分くん'),(2156,'アニソンカラオケ同好会'),(2157,'あの伝説'),(2161,'あほっち'),(2162,'あまエビ大福'),(2163,'あまきゃみ'),(2164,'あまつかいまごころ'),(2165,'あまよる'),(2167,'アラサーランク帯'),(2169,'ありえる'),(2170,'アリストロベリー'),(2171,'ありめいじす'),(2172,'アルファスレイヤーズ'),(2173,'あるふわ'),(2174,'アレクシードファミリア'),(2176,'あん・で・とこ'),(2177,'アンニャントロマン'),(2178,'アンマオ'),(2179,'イーイーチー'),(2183,'イーサンチー'),(2184,'イーリス'),(2186,'イケボホストクラブ'),(2187,'イケメン三羽烏'),(2188,'いずがく'),(2189,'いずもるる'),(2190,'いたずらぐみ'),(2191,'いちガク'),(2192,'いちガクねこ'),(2194,'いちさんご'),(2195,'いちねこ'),(2196,'いちひま'),(2200,'いのこり組'),(2201,'いのるぱんだ'),(2202,'イブアン'),(2203,'いぶうるさく'),(2204,'イルナ'),(2205,'インクフィッシュ'),(2206,'イントロバーツ'),(2220,'うーちー'),(2221,'ウーミー'),(2207,'ヴァックス'),(2208,'ヴァルツ'),(2209,'ヴァロコンビ'),(2210,'ヴァンパイア集会で会いましょう'),(2219,'ウィシェン'),(2211,'ういすぴ～ど～なっつ'),(2212,'ういにんぐらん'),(2213,'ういバンゴ'),(2214,'ういまゆげ'),(2215,'ういまる'),(2216,'ヴィランズ'),(2217,'ういれな'),(2222,'ウエデター'),(2224,'ヴォルタクション'),(2225,'うさちゃんクラブwithB'),(2226,'うしのたまもの'),(2227,'うたかざ'),(2228,'うたでび'),(2229,'うたまさ'),(2230,'うたみこ'),(2231,'うたみこバネ卍'),(2234,'うなぎレンコン'),(2233,'うなぎ天丼パスタ'),(2235,'うにゅれそう'),(2237,'ウルイスジョー'),(2239,'エア景'),(2245,'エクシブ'),(2246,'エクソレイ'),(2247,'エクレア'),(2248,'エシリア'),(2252,'えだまめ'),(2254,'エデン紅組'),(2253,'エデン組'),(2257,'エバーグリーン・ナード'),(2258,'えびえび・えびる'),(2259,'えびせん'),(2260,'エビチリ'),(2261,'えびのすめし'),(2262,'エビマル'),(2263,'えまかざ'),(2264,'えまふる王国'),(2265,'えまンゴ'),(2268,'えるかざ'),(2269,'えるかざガク'),(2270,'えるしば'),(2271,'えるちー'),(2272,'えるみとの時代'),(2273,'えるむぎ'),(2284,'おーてぃーえぬ'),(2751,'オーバーウォッチ'),(2277,'オアシス組'),(2278,'おいおい'),(2280,'おうとう'),(2281,'おえかきりりむ'),(2285,'オカマオ'),(2288,'おくちぽかんだ'),(2289,'おさしみ～ん'),(2290,'おしぃりぃ'),(2291,'おしぃりぃまわり'),(2292,'おじさんとねこ'),(2293,'オタクキラーズ'),(2294,'オチャマル'),(2295,'おっさんゲームス'),(2296,'オッタスペース'),(2299,'おとこたち'),(2300,'おなえどし（OD組）'),(2302,'おののみれい'),(2303,'オブシディア'),(2307,'およ家'),(2308,'おりコウ'),(2306,'お屋敷組'),(2287,'お給仕カルテット'),(2311,'かいさン'),(2317,'カエデリコ'),(2318,'かえみとがびと'),(2319,'かえる'),(2320,'かえるっち'),(2321,'かえるりん/樋口楓クイズ/かえるん'),(2322,'かがみもち'),(2323,'かざガク'),(2324,'かざとこ'),(2325,'かざひま'),(2326,'かざリリむぎたま'),(2328,'ガチ屑農家'),(2330,'カップルLINE査定委員会'),(2329,'ガッ灰'),(2331,'かなえぼし'),(2332,'かなえよう'),(2334,'かなしいくず'),(2335,'かなしいな'),(2336,'かなちーくず'),(2337,'かなひま'),(2338,'かなふぇあ'),(2339,'かなめいじー'),(2340,'カニカマ'),(2341,'カニやりますね'),(2342,'カビババア'),(2343,'かぷちーの'),(2344,'がぶりえら'),(2345,'かむぽたーじゅ'),(2347,'カルガモ部隊WIN'),(2348,'カルテドコドコ'),(2349,'カルピス'),(2350,'かわのおしゃかな'),(2351,'ガンガンシンシン'),(2312,'ギグ'),(2353,'ギスギス'),(2355,'ギックリ腰トリオ'),(2356,'ギバライカ'),(2357,'キムチで殴るぞ'),(2360,'キャオン'),(2364,'きらきら温泉'),(2365,'きらめろ'),(2367,'きらモインゴ'),(2366,'きらンゴ'),(2368,'ぎりぎり'),(2369,'ギリギリ～ず'),(2371,'きるぜむおーる☆'),(2372,'キルリーダー'),(2370,'キル社会科見学'),(2373,'きわみよんしまい'),(2376,'グウェル・スハ・ムーユ'),(2377,'くさおしぃりぃ'),(2380,'くずござンボ'),(2381,'くずっぷ'),(2382,'くずばねおしぃりぃ'),(2383,'くずひま'),(2384,'くずほんしゃ'),(2385,'くずもち'),(2386,'くずもちいちご大福'),(2387,'くずもちとろあ'),(2388,'くずンボ'),(2389,'クソゲーハンター'),(2390,'くそざこGaming'),(2391,'クソザコトレーナーズ'),(2394,'くまいさん'),(2395,'くまもっさん'),(2396,'グミ組'),(2399,'くらげ'),(2401,'クラブタンク倶楽部'),(2402,'グリーンノーカ'),(2403,'グリーンフレンド'),(2404,'グリーンルージュ'),(2405,'クルストファー・レヴィ（夏ヴィ）'),(2406,'くるみわり'),(2407,'クレッシェンド'),(2408,'くれない'),(2409,'くれなる'),(2410,'クローバーメクオーバー'),(2411,'クロシック'),(2412,'くろのひまわり'),(2413,'クロノワール'),(2414,'くろのわごみほすと'),(2415,'くろのわさくゆい'),(2416,'ぐんかん'),(2417,'ぐんかんざら'),(2418,'ぐんかんフラワーズ'),(2398,'ク役所'),(2421,'ゲームる？ゲームる！'),(2419,'けいあい'),(2420,'ゲウェエス'),(2423,'ゲソの極み乙女'),(2425,'げっかびじん'),(2426,'げまじょ'),(2431,'ゲンキイチバン滑り隊'),(2442,'ごーずとばすたーず'),(2443,'ゴーストライター'),(2445,'ゴーミーズ+α'),(2433,'こあくまん'),(2435,'コウ一点'),(2447,'ゴキブリジェット'),(2448,'こくむちょう'),(2449,'こくむちょうてん'),(2450,'ここフレわんわん'),(2451,'ココロプレデター'),(2452,'コサイン・ボルト'),(2453,'ござやよ'),(2454,'ござる'),(2455,'ござンボ'),(2456,'こじらせハラスメント'),(2458,'こなちーず'),(2459,'ゴミフレンズ'),(2460,'ゴミホスト'),(2462,'コロス'),(2466,'サイコパスブラザーズ'),(2465,'サイコ組'),(2468,'さえずみ'),(2470,'さくゆい'),(2471,'さくゆいリゼアン'),(2474,'さくらてんじんぐう'),(2475,'サクラトナ'),(2477,'ささしーふ'),(2479,'サザンクロス'),(2480,'さちこ'),(2624,'さつい'),(2483,'ざりがにいるか'),(2484,'さんぐ'),(2486,'サンセットバーベキュー'),(2488,'さんばか'),(2489,'さんばきゅらす'),(2490,'サンフラワーガーデン'),(2491,'さんぷれっ'),(2533,'ジ・ルジュエ'),(2495,'シージ部'),(2493,'しぃぇあ～るなんよ'),(2496,'しぃせん組'),(2497,'しぃとベルと'),(2499,'しぃラボ'),(2501,'しぇあぱぴ'),(2502,'ジェイドリウム'),(2508,'シェキナベイ部'),(2509,'ジェネギャ～'),(2510,'しかばねぱんだ'),(2511,'しきおりおりのはな'),(2515,'じのに'),(2516,'しばカルタ'),(2517,'しばとも'),(2520,'シミル'),(2841,'シャオカオタン'),(2521,'じゃこポテト'),(2522,'ジャック'),(2525,'ジュエル'),(2527,'ジョークレア'),(2531,'シリック'),(2532,'シリンソウ'),(2540,'すあし'),(2541,'スイートムーンなり！'),(2542,'スカイスクレープ'),(2543,'スケベ'),(2544,'すけべーっくす'),(2545,'すこぼし'),(2546,'すこやかラボ'),(2547,'すし'),(2548,'ずしり'),(2549,'スシロ'),(2551,'すだち'),(2552,'すとろべあ'),(2553,'ストロベル'),(2554,'スノーベル'),(2556,'スノーリベンジャーズ'),(2558,'すぱい☆どりーむ'),(2557,'スハッキーナ'),(2559,'スピンゴ'),(2560,'すめし'),(2561,'すもも'),(2562,'すももぐみ'),(2563,'すもも幼稚園'),(2564,'スリーイディオッツ'),(2566,'スリーフィクライト'),(2567,'スローンズ'),(2569,'せいせい'),(2576,'セカンドペンギン'),(2577,'せつげつ'),(2578,'セト神'),(2579,'セピアスト'),(2580,'ゼフィロ'),(2581,'せれいね'),(2582,'セレじょ高等部組'),(2583,'セレネイド'),(2918,'ゼロ'),(2586,'せんせいの、あのね'),(2590,'それゆけ！かなえ'),(2853,'そん'),(2593,'だいさんじ杯'),(2594,'ダイナ蝶'),(2597,'タカチア'),(2598,'たたかいはタイミング'),(2600,'タバコと香水とリップ'),(2601,'タピオカ女子'),(3143,'ダブル'),(2603,'ダブルスリーブ'),(2604,'たまき・おす・がーる'),(2605,'たまござ'),(2606,'たまひろ'),(2607,'たまもの'),(2608,'たまンゴ'),(2609,'タメナンデス（タメジャナインデス）'),(2610,'タリキホンガンジム'),(2611,'タルコフ部'),(2612,'ダレパンダ'),(2614,'ちーういうたひまかざ'),(2615,'ちーかざちー'),(2616,'ちーハジ'),(2625,'チーム10'),(2618,'チームABC'),(2621,'チームMLP'),(2628,'チームNARAKA'),(2619,'チームSBS'),(2620,'チームSSR'),(2617,'チームいくらどん'),(2622,'ちーむおひめさま'),(2623,'チームコンビニ'),(2627,'チームたにん'),(2630,'チームベビパ'),(2631,'チーム名が決まらねェ！'),(2626,'チーム女子会'),(2629,'チーム秘密基地'),(2632,'ちぇりーぺぇ'),(2633,'チェンダオチウシダーツァン'),(2634,'ちぐさんご'),(2635,'ちぐにゃら'),(2636,'チグパタ'),(2637,'チグはぴ'),(2638,'ちぐひば'),(2639,'チグぽん'),(2640,'ちちげやま'),(2641,'ちちげやまいもと'),(2642,'ちちげやまいもとりきいち'),(2643,'ちちやま'),(2644,'ちとでびる'),(2645,'ちとろあ'),(2648,'チャイかざ明治'),(2649,'チューチーサン'),(2650,'チューリップ組'),(2651,'チューリングあれる'),(2652,'ちゅりゅーん'),(2653,'ちょい盛り飯屋ハル'),(2654,'ちょろひげ海賊団'),(2655,'ちりつも'),(2659,'つきはなのえんま'),(2660,'つのぐみ'),(2661,'つゆだく.inc'),(2663,'ティーロワイヤル'),(2666,'でこぼこ研究所'),(2668,'ですわバッテリー'),(2669,'てっぺん'),(2670,'でびガクっ！'),(2672,'でびとこ'),(2673,'でびひま'),(2674,'でびリオン'),(2675,'でびるる'),(2671,'でび様を囲む会'),(2676,'でリリリ'),(2682,'でろさら'),(2677,'でろたま'),(2678,'でろちー'),(2679,'でろもい'),(2680,'でろもいちー'),(2681,'デロロギ'),(2683,'でろンボ'),(2665,'で灰ンゴ那'),(2689,'トイマニチーム'),(2693,'どうしよう'),(2700,'とこアン'),(2701,'とこでびロア'),(2702,'ドブJUMP'),(2704,'トライト'),(2705,'ドラゴンの寵愛'),(2706,'ドラひま'),(2708,'トリガー'),(2709,'トリニティー'),(2710,'どんちゃんふぁいぶ'),(2698,'ド葛本社'),(2699,'ド葛本社オルタ'),(3103,'ナイト'),(2711,'ナイトキングダム'),(2713,'ながおちぐ'),(2714,'なぞめん'),(2717,'なちゅきゃみ'),(2718,'なつそら'),(2719,'なでる'),(2720,'ななかな'),(2723,'なまえはまだない'),(2724,'なりゆき魔王'),(2726,'なるふし'),(2727,'なんもしてねぇ'),(2728,'にきさんきゲーマーズ'),(2730,'にくせいかつ'),(2818,'にじ'),(2808,'にじchak'),(2731,'にじイーユー'),(2733,'にじいろきゃんD→☆'),(2734,'にじヴァロ女子'),(2735,'にじウゥ'),(2736,'にじエーユー'),(2737,'にじカオス'),(2738,'にじキャンセルド'),(2739,'にじくじ7'),(2740,'にじくろ'),(2783,'にじさんじ Project Winter'),(2776,'にじさんじ・鳥居え門・建築部'),(2745,'にじさんじAmonGUYS'),(2756,'にじさんじGALS'),(2794,'にじさんじLOSERS'),(2750,'にじさんじON砲'),(2743,'にじさんじアオハル部'),(2744,'にじさんじアベンジャーズ祭り'),(2748,'にじさんじエルフ集会'),(2749,'にじさんじえんじぇるず'),(2752,'にじさんじオカルト研究部'),(2755,'にじさんじガチプラべ'),(2757,'にじさんじギャングスター'),(2760,'にじさんじケーブルズ'),(2763,'にじさんじゴーミーズ'),(2764,'にじさんじシージ日本代表'),(2765,'にじさんじシャトーブリアン食べたい部'),(2766,'にじさんじシャドバ部'),(2770,'にじさんじスベ狼'),(2771,'にじさんじセクト'),(2772,'にじさんじソーラン節ファイターズ'),(2774,'にじさんじチャンピオンズ'),(2775,'にじさんじテニス部'),(2777,'にじさんじドリクラーズ'),(2778,'にじさんじバスタード'),(2779,'にじさんじパチンコ/スロット部'),(2782,'にじさんじブルーアイズ'),(2784,'にじさんじポカチェ部'),(2785,'にじさんじボクシング部'),(2786,'にじさんじポケユナじょし部'),(2788,'にじさんじポン酢'),(2790,'にじさんじマスコッツ'),(2791,'にじさんじモンハン部'),(2793,'にじさんじラジオ体操部'),(2796,'にじさんじレール部'),(2795,'にじさんじレインボーダンディーズ'),(2799,'にじさんじレジスタンス'),(2797,'にじさんじレジスタンス(2人)'),(2798,'にじさんじレジスタンス(4人)'),(2801,'にじさんじレジスタンス（ハブ）'),(2800,'にじさんじレジスタンス（株）'),(2803,'にじさんじロケット団'),(2753,'にじさんじ乙女ゲーム製作委員会'),(2787,'にじさんじ保護者会'),(2768,'にじさんじ吹奏楽部'),(2767,'にじさんじ商業高校'),(2754,'にじさんじ学園ダンス部'),(2802,'にじさんじ恋愛相談室'),(2773,'にじさんじ探検隊'),(2747,'にじさんじ映画部'),(2758,'にじさんじ狂犬ズ'),(2746,'にじさんじ異世界組'),(2759,'にじさんじ矩形波倶楽部'),(2761,'にじさんじ研究者組'),(2781,'にじさんじ美容部'),(2780,'にじさんじ美術部'),(2762,'にじさんじ降霊術'),(2792,'にじさんじ陽キャズ'),(2789,'にじさんじ魔女集会'),(2804,'にじシティ都市開発部'),(2806,'にじスープ'),(2807,'にじスクールサプライズ'),(2820,'にじダッド/にじキャンセル'),(2810,'にじドライブできない'),(2811,'にじヌ→ン月曜メンバー'),(2812,'にじヌ→ン水曜の集い'),(2814,'にじパープル'),(2813,'にじばど'),(2821,'にじヒューズ'),(2815,'にじプロセカ部'),(2816,'にじベービズ'),(2817,'にじペッツ'),(2824,'にじローションカーリング'),(2823,'にじロック'),(2805,'にじ女子会'),(2732,'にじ色インク'),(2809,'にじ鉄'),(2742,'にじ高スプラ部'),(2828,'にゃはは！'),(2829,'にょんにょんぴーく'),(2832,'ねないこ'),(2833,'ネバーエンズ'),(2837,'ノクティクス'),(2839,'ノックアウトファイターズ'),(2840,'ノルニス'),(2838,'の組'),(2844,'パープル雑魚'),(2843,'はぁと組💙'),(2846,'バイオレンス武田'),(2845,'ばうみあん'),(2847,'ぱかぱかぱっかん'),(2849,'ハコ'),(2852,'パジャマでおじゃま'),(2854,'パタぽてぽてと'),(2855,'バチェラー'),(2863,'ハッピーツリーフレンジー'),(2864,'ハッピートリガー'),(2866,'バトロワAチーム'),(2870,'ハナバナ'),(2873,'ばねおしぃりぃ'),(2874,'パパのいうことを聞きなさい'),(2875,'ばぶもん'),(2876,'バベル'),(2879,'ハムタマゴドッグ'),(2880,'はむぴえよ'),(2881,'はやまいもと'),(2882,'はやまお'),(2883,'はゆみゃがみ'),(2884,'パリエかわいい'),(2885,'ハリオ家のおつかい'),(2886,'パリピじゃこ'),(2887,'ハリボテ王国 '),(2888,'ハリミア'),(2890,'はるかすみ'),(2891,'はるカニ合戦'),(2893,'はるぶし'),(2894,'はるみや'),(2899,'ハレユア'),(2900,'ハワチョリスト'),(2901,'ぱんコウじょ'),(2902,'はンゴろし'),(2908,'ピーエックスピー'),(2909,'びーぴーえむ'),(2910,'ひきにく連合'),(2912,'ひだまりびより'),(2913,'ひなちなちま'),(2914,'ピビandポゥ'),(2915,'ひまひめひも'),(2916,'ひまわり園ハ桜イロ'),(2919,'ひめさま'),(2920,'ひめべろす'),(2921,'ヒモと財布'),(2923,'ひよこぱんつ'),(2924,'ひよこまち'),(2925,'ぴよぴよ隊'),(2927,'ぴわわ'),(2928,'ピンクオレ'),(2933,'フー鈴'),(2769,'ふぁいぶ'),(2937,'フォクシー'),(2940,'プチ フルール'),(2942,'ふつまひ'),(2943,'ぷてさら'),(2944,'ぷてみこ'),(2946,'フミノ・E・ルスタマキ'),(2947,'ふみのとふみ'),(2948,'ぷりずむりりっく！'),(2950,'プリンあらどーも。'),(2951,'ぷりんず'),(2952,'ぶるーず'),(2954,'フルトイ'),(2956,'ブレスト軍'),(2957,'フレンとこ'),(2958,'ふわぐさ'),(2959,'ふわとこ'),(2960,'ふわふわクレープやさん'),(2961,'ふわふわぷりんあらどーも'),(2962,'ふわロア'),(2963,'フわンとこ'),(2939,'フ景罪'),(2965,'ヘクセンシュス'),(2966,'ペタル'),(2969,'ヘブンガールズ'),(2970,'ぺぺペーペ・ペーペペ'),(2971,'ペラペラチクチクペッパーズ'),(2972,'ベリーデストロイヤー'),(2974,'べるーず'),(2973,'ベルアン'),(2223,'ボイズ'),(2975,'ぼくらの7日間サバイバル'),(2978,'ぽさんけ'),(2980,'ホシと探偵'),(2982,'ホシミナイト'),(2983,'ほす☆狂'),(2984,'ポップコップ'),(2985,'ほな優勝かな'),(2986,'ボブマーリー組'),(2987,'ホラーハズバンドズ'),(2988,'ボラサップエビオ'),(2991,'ほんまのくずや'),(2992,'ホンマフワマリ'),(2993,'まいごぷろず'),(2998,'マカクラ'),(3000,'マジックラボ'),(3001,'ましゅまろ倶楽部'),(3002,'ますらお'),(3003,'まななつ'),(3004,'まひえら'),(3005,'まひまひきゅーけいちゅー'),(3006,'まひむゆ'),(3007,'まひレヴィ'),(3008,'まぶてん'),(3009,'まほおじ'),(3010,'まほすず'),(3011,'ママと娘。'),(3012,'ママ友の会'),(3013,'まめねこ大好きくらぶ'),(3014,'まゆげっち'),(3015,'まりアンジュ'),(3016,'マリアンヌ'),(2995,'マワングン'),(3017,'ミアナダ ピナヤ'),(3018,'みかえる'),(3019,'みこあん'),(3020,'みこでび'),(3022,'みそしる'),(3023,'みそしるトースト'),(3024,'みとうや'),(3025,'みとうヤッタゼ'),(3026,'みとリゼ'),(3028,'ミラーズ'),(3029,'みらくる★すむーじー'),(3030,'みらるた'),(3031,'ミリズ'),(3032,'みれいじー'),(3033,'みれロア'),(3034,'ムーンウォーカーズ'),(3035,'ムーンライトブロッサム'),(3036,'むぎガク'),(3037,'むぎたま'),(3038,'むぎはる'),(3039,'むげん∞かーにバる！'),(3044,'メーブレストロベア'),(3041,'めいヴィ'),(3040,'めいとババア'),(3042,'メイフ'),(3043,'めいぷるてぃ'),(3047,'めし'),(3046,'メシアガール'),(3048,'メッシャーズ'),(3049,'めにまにカンパニー'),(3050,'メリカル'),(2572,'メンタンピン'),(3051,'メンヘラ定食'),(3052,'モイかざ'),(3053,'もぐっとゆず'),(3054,'もぐも組'),(3055,'もちがえる'),(3056,'もちのわーる'),(3057,'もちもち'),(3058,'もつがえる'),(3060,'ものとこふぁーふ'),(3061,'モほすず'),(3065,'もやしと愉快な大学生'),(3066,'もやしば'),(3068,'モルドラ'),(3069,'もるひま'),(3070,'もるひまさく'),(3073,'やさいせいかつ'),(3074,'やしくず'),(3075,'やしろようちえん'),(3076,'ヤニカスローンズ'),(3077,'やまあこ'),(3078,'やまなつ'),(3080,'ヤミオン'),(3081,'やゆよ'),(3082,'ヤンキー組'),(3084,'ゆうやみ'),(3085,'ゆきてんぐ'),(3087,'ゆきぼし'),(3090,'ゆずでび'),(3091,'ゆづき家'),(3092,'ユニボ'),(3093,'ゆめおいまちた'),(3094,'ゆめかなうしらほし'),(3095,'ゆめすず'),(3096,'ゆめニキ'),(3097,'ゆめぱんだ'),(3098,'ゆめほしけ'),(3108,'ヨルミ・フミ・ドーモ'),(3106,'よるみどり'),(3107,'ヨルミナティ'),(3111,'ライフさんきょうだい'),(3114,'らくよう'),(3115,'ラズライト'),(3116,'ラタトゥイユ焼鮭'),(3117,'ラナキュロール'),(3118,'ラナンキュラス'),(3119,'らぶスノ'),(3120,'ラフメイカー'),(3121,'ラン姉さんズ'),(3122,'リアイズ'),(2865,'りきいち'),(3123,'リゼアン'),(3124,'リゼるる'),(3125,'リップローズ'),(3126,'りねしば'),(3127,'リバーシ'),(3128,'リベンジャーズ'),(3130,'りむぱたフレンとこ'),(3129,'りむぱた姉妹'),(3131,'りむみゃあ'),(3134,'リリークラウン'),(3135,'リリークラウン オルタ'),(3136,'りりぃろーず'),(3137,'リリかざ'),(3138,'リリたま'),(3139,'リリむぎ'),(3140,'りりむ団'),(3141,'リリリ'),(3142,'りんえる'),(3145,'りんねしんじゅう'),(3146,'ルーザーキングス'),(3147,'ルーナ ノッテ'),(3149,'ルクシム'),(3150,'ルジュエ'),(3152,'レインボール高校'),(3153,'レヴィスター'),(3154,'レヴィらん'),(3155,'レッドブルー ໒꒱·̩͙⋆.*'),(3156,'レバガチャ'),(3157,'レバガチャイカダイエスタ'),(3158,'レバガチャイカダイフク'),(3159,'レベルエックス'),(3160,'ロアまりん'),(3161,'ろあるまりん'),(3164,'ろふまお'),(3165,'ロマン砲撃手ズ'),(3167,'ロリコロール'),(3166,'ロリ組'),(3169,'ロングフォレストラブドラゴン山'),(3173,'ワッサンワッパー'),(3174,'わらいち'),(3176,'んーまンボ'),(3177,'ンゴ灰那'),(3178,'ンゴ那'),(2198,'一期生の絆'),(2197,'一期生出身'),(2469,'三田間'),(2485,'三者面団'),(2513,'下組'),(2949,'不良不死'),(2575,'世界取りに来ました'),(2574,'世界最強'),(3132,'両手に花ってレベルじゃねぇぞこれ'),(2911,'久しぶりの6人3Dなのに加賀美ハヤト、変わっちまったなぁーズ'),(2315,'乖離'),(2132,'亜ガク'),(2464,'今夜は寝かせない'),(2688,'伝説ーズ'),(2977,'保健室同盟'),(2976,'保健室組'),(3059,'元SEEDs2期生第3弾'),(2584,'先斬後奏'),(2434,'光一果'),(2856,'八月の雪'),(3071,'八重歯と妖精'),(2378,'具志堅の舞'),(2232,'内股ガニ股'),(2715,'凪風'),(2691,'刀える'),(2692,'刀かざ'),(2585,'前日の渋谷ハジメの3Dを全力で応援する会'),(2432,'剣持刀也と卯月コウ'),(2422,'劇団グラサンズ'),(2524,'十人十色'),(2393,'口癖四天王'),(2392,'口癖御三家'),(2333,'叶え葉ぐんかん'),(2722,'名前のない組'),(3172,'和太鼓倶楽部'),(2696,'咎ノワール'),(2346,'唐揚げレモン'),(2707,'囚われの俺達'),(2523,'囚人組'),(3109,'四代目花組'),(2514,'四天王'),(2276,'園児コンビ'),(3104,'夜ふかしの友'),(3105,'夜破のだるま'),(3099,'夢見月'),(2686,'天下無双'),(2685,'天界卓'),(2310,'女の嫌なところ'),(2528,'女子会組'),(2529,'女子高花畑'),(2286,'女将と亜人'),(2526,'女王と会長'),(3045,'女神と伏見'),(3027,'宮益坂軽音部'),(2703,'富・名声・力'),(2352,'寒色シスターズ'),(2446,'小顔マジック'),(3079,'山手線組'),(2168,'嵐ウナギ'),(2363,'巨乳s'),(2362,'巨神王'),(2664,'帝華組'),(3102,'幼女戦記'),(2437,'後悔三人衆'),(2591,'忖度フィニッシャーズ'),(2141,'悪夢教死'),(2142,'悪夢組'),(2143,'悪役令嬢なので森のエルフを使用人にしました'),(2139,'悪魔神ノースリーブ'),(2185,'意外に強いらC'),(2725,'成崎笑一'),(2613,'探偵と助手'),(2827,'日本代表'),(2825,'日照権'),(2149,'明日晴れる花那'),(2979,'星エビ'),(2981,'星のシスターズ'),(2889,'春一番'),(2897,'晴レ日'),(2898,'晴レ星'),(2175,'暗殺一家'),(2467,'最強マリオ四天王'),(2658,'月組'),(2424,'月花亜人'),(2657,'月語ル'),(2656,'月赤り'),(2146,'朝活'),(2989,'本日の主役'),(2990,'本間甲斐な'),(3064,'桃サンゴ'),(3063,'桃色冷蔵庫'),(3062,'桃色音楽教室'),(2473,'桜咲'),(2472,'桜組'),(3067,'森枝'),(2316,'楓と美兎'),(3113,'楽園のにゃんにゃらカフェ'),(2487,'残高ゴールド帯'),(2461,'殺す'),(2926,'比類なき才能の証明'),(2354,'汚いレレササ'),(2159,'油探偵笑一'),(2158,'油飯屋'),(2236,'海こんにゃく'),(2538,'深夜三傑RKS'),(2539,'深夜部'),(2463,'混沌組'),(2571,'清楚メンバー'),(2519,'渋谷のかなえぼし'),(2518,'渋谷大ガク'),(2275,'演劇組'),(2298,'漢組'),(2877,'濱口南'),(2314,'灰白色花玲'),(3072,'焼き鳥とオヤジ'),(2848,'爆乳組'),(2327,'片目隠れズ'),(2199,'犬福'),(2361,'狂犬ズと飼い主ズ'),(3133,'猟友会'),(2831,'猫しか勝たん'),(2599,'田角美術室'),(2438,'甲殻熊猫'),(2859,'発色オタク三銃士'),(2860,'発色オタク三銃士season2'),(2535,'白いカラス'),(2536,'白って200色あんねん'),(2439,'皇女と騎士'),(2878,'破滅のはまちゃ'),(2941,'祓魔王'),(2537,'神速RTA'),(2530,'私立だいさんじ学園'),(2695,'童話組'),(2595,'第2434小隊'),(2478,'笹のわーる'),(2967,'紅ズワイガニ'),(2968,'紅ズワイガニぐんかん'),(2440,'紅白アホ合戦'),(2441,'紅白饅頭'),(2147,'紫陽花組'),(2397,'組体操'),(2309,'織姫星'),(3162,'老人すぎてヨボン'),(2835,'脳筋卍女子部'),(2512,'自然組'),(2994,'舞元力一'),(2868,'花の女子会'),(2871,'花ふわリリック'),(2872,'花より団子'),(2869,'花畑家'),(3171,'若お神'),(2240,'英吸不滅'),(2721,'菜の花連合'),(2862,'葉っぱ隊'),(2850,'葉桜ちレ'),(2379,'葛神社'),(2903,'蛮族海賊団'),(2647,'血みどろコラボ'),(2646,'血祭りブラザーズ'),(2588,'袖無しとメッシュトリオ'),(2589,'袖無しブラックリリィ'),(2741,'西弦緑渡'),(2305,'親子コラボ'),(2313,'解凍かにたま'),(2436,'豪運仕立て海老の雪どけフレンチ'),(2999,'負けたらタイキック'),(2945,'負ビーンズ'),(2134,'赤の組織'),(2687,'転生してもオタクだった件'),(2836,'農嬢'),(2279,'追い風'),(2476,'酒かすべいびーず'),(2375,'金のバカ銀のバカ'),(2550,'鈴かすたーど'),(2374,'銀行'),(2712,'長尾ーズ'),(2429,'限界くろしっく'),(2430,'限界コンビ'),(2428,'限界織姫星'),(3100,'陽キャーズ'),(3101,'陽キャ陰笹木'),(2166,'雨森久遠'),(3089,'雪夜の一番星'),(3086,'雪晴れに花ふわり'),(3088,'雪美大福'),(2684,'電音部・帝音シブヤ'),(2568,'青学の柱'),(2297,'音ゲー師弟'),(2830,'音色は紫'),(2694,'頭部に自信アリ'),(2494,'飼育員とレッサーパンダ'),(2851,'馬耳say風'),(2587,'騒音姉妹'),(2358,'鬼門ズ'),(2996,'魔王と三従者'),(2997,'魔王と弟子'),(2596,'鷹匠'),(2238,'麗しき勇者');
/*!40000 ALTER TABLE `liver_groups` ENABLE KEYS */;
UNLOCK TABLES;

--
-- Table structure for table `livers`
--

DROP TABLE IF EXISTS `livers`;
/*!40101 SET @saved_cs_client     = @@character_set_client */;
/*!50503 SET character_set_client = utf8mb4 */;
CREATE TABLE `livers` (
  `liver_id` bigint NOT NULL AUTO_INCREMENT,
  `name` varchar(255) NOT NULL,
  `debuted_on` date NOT NULL,
  `retired_on` date DEFAULT NULL,
  PRIMARY KEY (`liver_id`),
  UNIQUE KEY `name` (`name`)
) ENGINE=InnoDB AUTO_INCREMENT=134 DEFAULT CHARSET=utf8mb4 COLLATE=utf8mb4_0900_ai_ci;
/*!40101 SET character_set_client = @saved_cs_client */;

--
-- Dumping data for table `livers`
--

LOCK TABLES `livers` WRITE;
/*!40000 ALTER TABLE `livers` DISABLE KEYS */;
INSERT INTO `livers` (`liver_id`, `name`, `debuted_on`, `retired_on`) VALUES (1,'月ノ美兎','2018-01-31',NULL),(2,'勇気ちひろ','2018-01-31',NULL),(3,'える','2018-01-31',NULL),(4,'樋口楓','2018-01-31',NULL),(5,'静凛','2018-01-31',NULL),(6,'渋谷ハジメ','2018-01-31',NULL),(7,'鈴谷アキ','2018-01-31',NULL),(8,'モイラ','2018-01-31',NULL),(9,'鈴鹿詩子','2018-03-05',NULL),(10,'宇志海いちご','2018-03-05',NULL),(11,'家長むぎ','2018-03-05',NULL),(12,'夕陽リリ','2018-03-05',NULL),(13,'物述有栖','2018-03-05',NULL),(14,'文野環','2018-03-05',NULL),(15,'伏見ガク','2018-03-05',NULL),(16,'剣持刀也','2018-03-05',NULL),(17,'森中花咲','2018-03-05',NULL),(18,'叶','2018-05-02',NULL),(19,'赤羽葉子','2018-05-02',NULL),(20,'笹木咲','2018-07-06',NULL),(21,'本間ひまわり','2018-07-06',NULL),(22,'闇夜乃モルル','2018-07-06','2019-06-27'),(23,'魔界ノりりむ','2018-07-30',NULL),(24,'葛葉','2018-07-30',NULL),(25,'椎名唯華','2018-07-30',NULL),(26,'雪汝','2018-07-30','2019-10-30'),(27,'ドーラ','2018-06-03',NULL),(28,'轟京子','2018-06-03',NULL),(29,'シスター・クレア','2018-06-03',NULL),(30,'花畑チャイカ','2018-06-03',NULL),(31,'社築','2018-06-03',NULL),(32,'安土桃','2018-06-03',NULL),(33,'鈴木勝','2018-06-03',NULL),(34,'緑仙','2018-06-03',NULL),(35,'卯月コウ','2018-06-03',NULL),(36,'海夜叉神','2018-06-03','2019-04-09'),(37,'八朔ゆず','2018-06-03','2019-05-07'),(38,'名伽尾アズマ','2018-06-03','2019-05-31'),(39,'出雲霞','2018-06-03','2020-10-31'),(40,'神田笑一','2018-08-09',NULL),(41,'飛鳥ひな','2018-08-09',NULL),(42,'春崎エアル','2018-08-09',NULL),(43,'雨森小夜','2018-08-09',NULL),(44,'鷹宮リオン','2018-08-09',NULL),(45,'舞元啓介','2018-08-09',NULL),(46,'鳴門こがね','2018-08-09','2018-12-31'),(47,'竜胆尊','2018-08-31',NULL),(48,'でびでび・でびる','2018-08-31',NULL),(49,'桜凛月','2018-08-31',NULL),(50,'町田ちま','2018-08-31',NULL),(51,'ジョー・力一','2018-08-31',NULL),(52,'月見しずく','2018-08-31','2020-01-13'),(53,'遠北千南','2018-08-31','2020-03-31'),(54,'成瀬鳴','2018-09-25',NULL),(55,'ベルモンド・バンデラス','2018-09-25',NULL),(56,'矢車りね','2018-09-25',NULL),(57,'夢追翔','2018-09-25',NULL),(58,'黒井しば','2018-09-25',NULL),(59,'久遠千歳','2019-01-08','2019-08-31'),(60,'童田明治','2019-01-08','2022-04-30'),(61,'郡道美玲','2019-01-17',NULL),(62,'夢月ロア','2019-01-17',NULL),(63,'小野町春香','2019-01-28',NULL),(64,'語部紡','2019-01-28',NULL),(65,'瀬戸美夜子','2019-01-28',NULL),(66,'御伽原江良','2019-03-08','2021-03-10'),(67,'戌亥とこ','2019-03-22',NULL),(68,'アンジュ・カトリーナ','2019-03-22',NULL),(69,'リゼ・ヘルエスタ','2019-03-22',NULL),(70,'三枝明那','2019-04-02',NULL),(71,'愛園愛美','2019-04-02',NULL),(72,'雪城眞尋','2019-04-29',NULL),(73,'鈴原るる','2019-04-29','2021-06-30'),(74,'エクス・アルビオ','2019-05-17',NULL),(75,'レヴィ・エリファ','2019-06-19',NULL),(76,'葉山舞鈴','2019-06-19',NULL),(77,'ニュイ・ソシエール','2019-06-19',NULL),(78,'葉加瀬冬雪','2019-07-03',NULL),(79,'加賀美ハヤト','2019-07-03',NULL),(80,'夜見れな','2019-07-03',NULL),(81,'アルス・アルマル','2019-07-24',NULL),(82,'相羽ういは','2019-07-24',NULL),(83,'黛灰','2019-07-24',NULL),(84,'天宮こころ','2019-08-08',NULL),(85,'エリー・コニファー','2019-08-08',NULL),(86,'ラトナ・プティ','2019-08-08',NULL),(87,'早瀬走','2019-09-19',NULL),(88,'健屋花那','2019-09-19',NULL),(89,'シェリン・バーガンディ','2019-09-19',NULL),(90,'フミ','2019-10-17',NULL),(91,'星川サラ','2019-10-17',NULL),(92,'山神カルタ','2019-10-17',NULL),(93,'えま★おうがすと','2019-10-31',NULL),(94,'ルイス・キャミー','2019-10-31',NULL),(95,'魔使マオ','2019-10-31',NULL),(96,'不破湊','2019-11-28',NULL),(97,'白雪巴','2019-11-28',NULL),(98,'グウェル・オス・ガール','2019-11-28',NULL),(99,'ましろ爻','2019-12-26',NULL),(100,'奈羅花','2019-12-26',NULL),(101,'来栖夏芽','2019-12-26',NULL),(102,'フレン・E・ルスタリオ','2020-01-30',NULL),(103,'イブラヒム','2020-01-30',NULL),(104,'メリッサ・キンレンカ','2020-01-30','2022-05-31'),(105,'長尾景','2020-04-02',NULL),(106,'弦月藤士郎','2020-04-02',NULL),(107,'甲斐田晴','2020-04-02',NULL),(108,'空星きらめ','2020-06-30',NULL),(109,'朝日南アカネ','2020-08-06',NULL),(110,'周央サンゴ','2020-08-06',NULL),(111,'東堂コハク','2020-08-06',NULL),(112,'北小路ヒスイ','2020-08-06',NULL),(113,'西園チグサ','2020-08-06',NULL),(114,'ローレン・イロアス','2021-07-19',NULL),(115,'レオス・ヴィンセント','2021-07-19',NULL),(116,'オリバー・エバンス','2021-07-19',NULL),(117,'レイン・パターソン','2021-07-19',NULL),(118,'アクシア・クローネ','2021-07-19','2022-11-30'),(119,'天ヶ瀬むゆ','2022-03-16',NULL),(120,'先斗寧','2022-03-16',NULL),(121,'海妹四葉','2022-03-16',NULL),(122,'壱百満点原サロメ','2022-05-21',NULL),(123,'風楽奏斗','2022-07-13',NULL),(124,'渡会雲雀','2022-07-13',NULL),(125,'四季凪アキラ','2022-07-13',NULL),(126,'セラフ・ダズルガーデン','2022-07-13',NULL),(127,'五十嵐梨花','2023-01-19',NULL),(128,'小清水透','2023-01-19',NULL),(129,'石神のぞみ','2023-01-19',NULL),(130,'ソフィア・ヴァレンタイン','2023-01-19',NULL),(131,'倉持めると','2023-01-20',NULL),(132,'鏑木ろこ','2023-01-20',NULL),(133,'獅子堂あかり','2023-01-20',NULL);
/*!40000 ALTER TABLE `livers` ENABLE KEYS */;
UNLOCK TABLES;
/*!40103 SET TIME_ZONE=@OLD_TIME_ZONE */;

/*!40101 SET SQL_MODE=@OLD_SQL_MODE */;
/*!40014 SET FOREIGN_KEY_CHECKS=@OLD_FOREIGN_KEY_CHECKS */;
/*!40014 SET UNIQUE_CHECKS=@OLD_UNIQUE_CHECKS */;
/*!40101 SET CHARACTER_SET_CLIENT=@OLD_CHARACTER_SET_CLIENT */;
/*!40101 SET CHARACTER_SET_RESULTS=@OLD_CHARACTER_SET_RESULTS */;
/*!40101 SET COLLATION_CONNECTION=@OLD_COLLATION_CONNECTION */;
/*!40111 SET SQL_NOTES=@OLD_SQL_NOTES */;

-- Dump completed on 2023-01-28 22:06:35
